{
  "incumbent_ids": [
    1
  ],
  "rejected_config_ids": [
    2,
    3,
    4,
    5,
    6,
    7,
    8,
    9,
    10,
    11,
    12,
    13,
    14,
    15,
    16,
    17,
    18,
    19,
    20,
    21,
    22,
    23,
    24,
    25,
    26
  ],
  "incumbents_changed": 1,
  "trajectory": [
    {
      "config_ids": [
        1
      ],
      "costs": [
        1.3272221517101934
      ],
      "trial": 1,
      "walltime": 1.7331016063690186
    }
  ],
  "state": {
    "queue": [
      [
        27,
        1
      ]
    ]
  }
}