{
  "incumbent_ids": [
    12
  ],
  "rejected_config_ids": [
    2,
    3,
    1,
    5,
    6,
    7,
    8,
    9,
    10,
    11,
    4,
    13,
    14,
    15,
    16,
    17,
    18,
    19,
    20,
    21,
    22,
    23,
    24,
    25,
    26,
    27,
    28,
    29,
    30,
    31,
    32,
    33,
    34,
    35,
    36,
    37,
    38,
    39,
    40,
    41,
    42,
    43,
    44,
    45,
    46,
    47,
    48,
    49,
    50,
    51,
    52,
    53,
    54,
    55,
    56,
    57,
    58,
    59,
    60,
    61,
    62,
    63,
    64,
    65,
    66,
    67,
    68,
    69,
    70,
    71,
    72,
    73,
    74,
    75,
    76
  ],
  "incumbents_changed": 3,
  "trajectory": [
    {
      "config_ids": [
        1
      ],
      "costs": [
        2.0
      ],
      "trial": 1,
      "walltime": 0.01619887351989746
    },
    {
      "config_ids": [
        4
      ],
      "costs": [
        1.9999999999982647
      ],
      "trial": 11,
      "walltime": 1.3578717708587646
    },
    {
      "config_ids": [
        12
      ],
      "costs": [
        1.3463878388748327
      ],
      "trial": 35,
      "walltime": 3.3241586685180664
    }
  ],
  "state": {
    "queue": [
      [
        77,
        1
      ]
    ]
  }
}