{
  "incumbent_ids": [
    8
  ],
  "rejected_config_ids": [
    2,
    3,
    4,
    5,
    6,
    7,
    1,
    9,
    10,
    11,
    12,
    13,
    14,
    15,
    16,
    17,
    18,
    19,
    20,
    21,
    22,
    23,
    24,
    25,
    26,
    27,
    28,
    29,
    30,
    31,
    32,
    33,
    34,
    35,
    36,
    37,
    38,
    39,
    40,
    41,
    42,
    43,
    44,
    45,
    46,
    47,
    48,
    49,
    50,
    51
  ],
  "incumbents_changed": 2,
  "trajectory": [
    {
      "config_ids": [
        1
      ],
      "costs": [
        3.0
      ],
      "trial": 1,
      "walltime": 1.052541732788086
    },
    {
      "config_ids": [
        8
      ],
      "costs": [
        0.9590216106992714
      ],
      "trial": 23,
      "walltime": 7.199904203414917
    }
  ],
  "state": {
    "queue": [
      [
        51,
        4
      ]
    ]
  }
}