{
  "incumbent_ids": [
    25
  ],
  "rejected_config_ids": [
    2,
    3,
    1,
    5,
    6,
    7,
    8,
    9,
    10,
    11,
    12,
    13,
    14,
    15,
    16,
    17,
    18,
    19,
    20,
    21,
    22,
    23,
    4,
    24,
    26,
    27,
    28,
    29,
    30,
    31,
    32,
    33,
    34,
    35,
    36,
    37,
    38,
    39,
    40,
    41,
    42,
    43,
    44,
    45,
    46,
    47,
    48,
    49,
    50,
    51,
    52,
    53,
    54,
    55,
    56,
    57,
    58,
    59,
    60,
    61,
    62,
    63,
    64,
    65,
    66,
    67
  ],
  "incumbents_changed": 4,
  "trajectory": [
    {
      "config_ids": [
        1
      ],
      "costs": [
        2.0
      ],
      "trial": 1,
      "walltime": 0.012508392333984375
    },
    {
      "config_ids": [
        4
      ],
      "costs": [
        1.3424932731115513
      ],
      "trial": 11,
      "walltime": 0.8274075984954834
    },
    {
      "config_ids": [
        24
      ],
      "costs": [
        1.2796412294251127
      ],
      "trial": 71,
      "walltime": 5.87610650062561
    },
    {
      "config_ids": [
        25
      ],
      "costs": [
        0.8005971130888542
      ],
      "trial": 74,
      "walltime": 6.61363959312439
    }
  ],
  "state": {
    "queue": [
      [
        68,
        2
      ]
    ]
  }
}