{
  "incumbent_ids": [
    2
  ],
  "rejected_config_ids": [
    1,
    3,
    4,
    5,
    6,
    7,
    8,
    9,
    10,
    11,
    12,
    13,
    14,
    15,
    16,
    17,
    18,
    19,
    20,
    21
  ],
  "incumbents_changed": 2,
  "trajectory": [
    {
      "config_ids": [
        1
      ],
      "costs": [
        3.0
      ],
      "trial": 1,
      "walltime": 0.3841409683227539
    },
    {
      "config_ids": [
        2
      ],
      "costs": [
        0.9053687349997108
      ],
      "trial": 4,
      "walltime": 8.039214134216309
    }
  ],
  "state": {
    "queue": [
      [
        22,
        2
      ]
    ]
  }
}