{
  "incumbent_ids": [
    12
  ],
  "rejected_config_ids": [
    2,
    3,
    4,
    5,
    6,
    7,
    8,
    9,
    10,
    11,
    1,
    13,
    14,
    15,
    16,
    17,
    18,
    19,
    20,
    21,
    22,
    23,
    24,
    25,
    26,
    27,
    28,
    29,
    30,
    31,
    32,
    33,
    34,
    35,
    36,
    37,
    38,
    39,
    40,
    41,
    42,
    43,
    44,
    45,
    46,
    47,
    48,
    49
  ],
  "incumbents_changed": 2,
  "trajectory": [
    {
      "config_ids": [
        1
      ],
      "costs": [
        3.0
      ],
      "trial": 1,
      "walltime": 0.011584281921386719
    },
    {
      "config_ids": [
        12
      ],
      "costs": [
        0.9629902513568225
      ],
      "trial": 35,
      "walltime": 1.8955442905426025
    }
  ],
  "state": {
    "queue": [
      [
        50,
        2
      ]
    ]
  }
}