{
  "incumbent_ids": [
    4
  ],
  "rejected_config_ids": [
    2,
    3,
    1,
    5,
    6,
    7,
    8,
    9,
    10,
    11,
    12,
    13,
    14,
    15,
    16,
    17,
    18,
    19,
    20,
    21,
    22,
    23,
    24,
    25,
    26,
    27,
    28,
    29,
    30,
    31,
    32,
    33,
    34,
    35,
    36,
    37
  ],
  "incumbents_changed": 2,
  "trajectory": [
    {
      "config_ids": [
        1
      ],
      "costs": [
        3.0
      ],
      "trial": 1,
      "walltime": 0.02863764762878418
    },
    {
      "config_ids": [
        4
      ],
      "costs": [
        0.9455052940766547
      ],
      "trial": 11,
      "walltime": 4.063960552215576
    }
  ],
  "state": {
    "queue": [
      [
        37,
        4
      ]
    ]
  }
}