{
  "incumbent_ids": [
    22
  ],
  "rejected_config_ids": [
    1,
    3,
    4,
    5,
    6,
    7,
    8,
    9,
    10,
    11,
    12,
    13,
    14,
    15,
    16,
    17,
    18,
    19,
    20,
    21,
    2,
    23,
    24,
    25,
    26,
    27,
    28,
    29,
    30,
    31,
    32,
    33,
    34,
    35,
    36,
    37,
    38,
    39
  ],
  "incumbents_changed": 3,
  "trajectory": [
    {
      "config_ids": [
        1
      ],
      "costs": [
        3.0
      ],
      "trial": 1,
      "walltime": 0.06209540367126465
    },
    {
      "config_ids": [
        2
      ],
      "costs": [
        2.044871878809368
      ],
      "trial": 4,
      "walltime": 3.929931879043579
    },
    {
      "config_ids": [
        22
      ],
      "costs": [
        0.983355112087764
      ],
      "trial": 65,
      "walltime": 24.077139139175415
    }
  ],
  "state": {
    "queue": [
      [
        39,
        4
      ]
    ]
  }
}