{
  "incumbent_ids": [
    4
  ],
  "rejected_config_ids": [
    2,
    3,
    1,
    5,
    6,
    7,
    8,
    9,
    10,
    11,
    12,
    13,
    14,
    15,
    16,
    17,
    18,
    19,
    20,
    21,
    22,
    23,
    24
  ],
  "incumbents_changed": 2,
  "trajectory": [
    {
      "config_ids": [
        1
      ],
      "costs": [
        3.0
      ],
      "trial": 1,
      "walltime": 0.031061887741088867
    },
    {
      "config_ids": [
        4
      ],
      "costs": [
        0.9053687349997107
      ],
      "trial": 11,
      "walltime": 2.6052510738372803
    }
  ],
  "state": {
    "queue": [
      [
        24,
        4
      ]
    ]
  }
}