{
  "incumbent_ids": [
    38
  ],
  "rejected_config_ids": [
    2,
    3,
    1,
    5,
    6,
    7,
    8,
    9,
    10,
    11,
    12,
    13,
    14,
    15,
    16,
    17,
    18,
    19,
    20,
    21,
    22,
    23,
    24,
    25,
    26,
    27,
    28,
    29,
    30,
    31,
    32,
    33,
    34,
    35,
    36,
    37,
    4,
    39,
    40,
    41,
    42,
    43,
    44,
    45,
    46,
    47,
    48,
    49,
    50
  ],
  "incumbents_changed": 3,
  "trajectory": [
    {
      "config_ids": [
        1
      ],
      "costs": [
        2.0
      ],
      "trial": 1,
      "walltime": 0.028427839279174805
    },
    {
      "config_ids": [
        4
      ],
      "costs": [
        1.3502710893279197
      ],
      "trial": 11,
      "walltime": 2.5529978275299072
    },
    {
      "config_ids": [
        38
      ],
      "costs": [
        0.7353104828751761
      ],
      "trial": 113,
      "walltime": 45.99702310562134
    }
  ],
  "state": {
    "queue": [
      [
        50,
        4
      ]
    ]
  }
}