{
  "incumbent_ids": [
    8
  ],
  "rejected_config_ids": [
    1,
    3,
    4,
    5,
    6,
    7,
    2,
    9,
    10,
    11,
    12,
    13,
    14,
    15,
    16,
    17,
    18,
    19,
    20,
    21,
    22,
    23,
    24,
    25,
    26,
    27,
    28,
    29,
    30,
    31,
    32,
    33,
    34,
    35,
    36,
    37,
    38,
    39,
    40,
    41,
    42,
    43,
    44,
    45,
    46,
    47,
    48,
    49,
    50,
    51
  ],
  "incumbents_changed": 3,
  "trajectory": [
    {
      "config_ids": [
        1
      ],
      "costs": [
        2.000000000000621
      ],
      "trial": 1,
      "walltime": 0.7167484760284424
    },
    {
      "config_ids": [
        2
      ],
      "costs": [
        2.0
      ],
      "trial": 4,
      "walltime": 1.407175064086914
    },
    {
      "config_ids": [
        8
      ],
      "costs": [
        1.3660315336867297
      ],
      "trial": 23,
      "walltime": 5.076277494430542
    }
  ],
  "state": {
    "queue": [
      [
        52,
        2
      ]
    ]
  }
}