{
  "incumbent_ids": [
    29
  ],
  "rejected_config_ids": [
    1,
    3,
    4,
    5,
    6,
    7,
    8,
    9,
    10,
    11,
    12,
    13,
    14,
    2,
    16,
    17,
    18,
    19,
    20,
    21,
    22,
    23,
    24,
    25,
    26,
    27,
    28,
    15,
    30,
    31,
    32,
    33,
    34
  ],
  "incumbents_changed": 4,
  "trajectory": [
    {
      "config_ids": [
        1
      ],
      "costs": [
        2.0
      ],
      "trial": 1,
      "walltime": 0.051000118255615234
    },
    {
      "config_ids": [
        2
      ],
      "costs": [
        1.3361640929445975
      ],
      "trial": 4,
      "walltime": 2.8251612186431885
    },
    {
      "config_ids": [
        15
      ],
      "costs": [
        0.0864306548258994
      ],
      "trial": 44,
      "walltime": 14.612858772277832
    },
    {
      "config_ids": [
        29
      ],
      "costs": [
        0.02818320225148707
      ],
      "trial": 86,
      "walltime": 47.273579359054565
    }
  ],
  "state": {
    "queue": [
      [
        34,
        4
      ]
    ]
  }
}