{
  "incumbent_ids": [
    11
  ],
  "rejected_config_ids": [
    2,
    3,
    4,
    5,
    6,
    7,
    8,
    9,
    10,
    1,
    12,
    13,
    14,
    15,
    16,
    17,
    18,
    19,
    20,
    21
  ],
  "incumbents_changed": 2,
  "trajectory": [
    {
      "config_ids": [
        1
      ],
      "costs": [
        3.0
      ],
      "trial": 1,
      "walltime": 0.1303424835205078
    },
    {
      "config_ids": [
        11
      ],
      "costs": [
        0.9053687349997107
      ],
      "trial": 32,
      "walltime": 27.165178775787354
    }
  ],
  "state": {
    "queue": [
      [
        22,
        1
      ]
    ]
  }
}