{
  "incumbent_ids": [
    8
  ],
  "rejected_config_ids": [
    2,
    3,
    4,
    5,
    6,
    7,
    1,
    9,
    10,
    11,
    12,
    13,
    14,
    15,
    16,
    17,
    18,
    19
  ],
  "incumbents_changed": 2,
  "trajectory": [
    {
      "config_ids": [
        1
      ],
      "costs": [
        1.9239877961010405
      ],
      "trial": 1,
      "walltime": 3.735153913497925
    },
    {
      "config_ids": [
        8
      ],
      "costs": [
        0.9053687349997107
      ],
      "trial": 23,
      "walltime": 25.15022349357605
    }
  ],
  "state": {
    "queue": [
      [
        19,
        4
      ]
    ]
  }
}