{
  "incumbent_ids": [
    2
  ],
  "rejected_config_ids": [
    1,
    3,
    4,
    5,
    6,
    7,
    8,
    9,
    10,
    11,
    12,
    13,
    14,
    15,
    16,
    17,
    18,
    19,
    20,
    21,
    22,
    23,
    24,
    25,
    26,
    27,
    28,
    29,
    30,
    31,
    32,
    33,
    34,
    35,
    36,
    37,
    38,
    39,
    40,
    41,
    42,
    43,
    44,
    45,
    46,
    47,
    48,
    49,
    50,
    51,
    52,
    53,
    54,
    55
  ],
  "incumbents_changed": 2,
  "trajectory": [
    {
      "config_ids": [
        1
      ],
      "costs": [
        3.0
      ],
      "trial": 1,
      "walltime": 0.21423721313476562
    },
    {
      "config_ids": [
        2
      ],
      "costs": [
        0.9053687349997108
      ],
      "trial": 4,
      "walltime": 5.514047622680664
    }
  ],
  "state": {
    "queue": [
      [
        56,
        1
      ]
    ]
  }
}